{
  "elev_mean": {
    "all_mean": 759.4218777943368,
    "all_std": 785.4110468749818,
    "s50_mean": 343.31919999999997,
    "s50_std": 229.93374440338243,
    "ks_p": 0.0003087379306086789,
    "cohens_d": 0.7190554409209855,
    "diff_pct": -54.7920319339317
  },
  "slope_mean": {
    "all_mean": 46.19530734724292,
    "all_std": 47.08567516434056,
    "s50_mean": 37.7520944,
    "s50_std": 26.46550365532265,
    "ks_p": 0.043352746804877385,
    "cohens_d": 0.22106425361757182,
    "diff_pct": -18.277209162776224
  },
  "area_gages2": {
    "all_mean": 792.6180625931445,
    "all_std": 1700.6816807451587,
    "s50_mean": 347.13740000000007,
    "s50_std": 632.0850345287728,
    "ks_p": 0.00029508808319913903,
    "cohens_d": 0.3472352908925181,
    "diff_pct": -56.20369805044581
  },
  "p_mean": {
    "all_mean": 3.257722061222179,
    "all_std": 1.4093900773162575,
    "s50_mean": 3.6210450102669416,
    "s50_std": 0.3034958143729809,
    "ks_p": 3.2014463488965853e-09,
    "cohens_d": -0.3563968430384751,
    "diff_pct": 11.152668711966696
  },
  "pet_mean": {
    "all_mean": 2.7873652197155474,
    "all_std": 0.5545586452738964,
    "s50_mean": 2.277660017248459,
    "s50_std": 0.1920327292657567,
    "ks_p": 3.667436372763044e-15,
    "cohens_d": 1.2282733104123995,
    "diff_pct": -18.286272601159315
  },
  "aridity": {
    "all_mean": 1.0565155490835534,
    "all_std": 0.6149898629889541,
    "s50_mean": 0.6338016666970557,
    "s50_std": 0.08036283533830144,
    "ks_p": 2.894145176577609e-16,
    "cohens_d": 0.9638666307801098,
    "diff_pct": -40.01019036143573
  },
  "frac_snow": {
    "all_mean": 0.1776040592521807,
    "all_std": 0.2031358038480485,
    "s50_mean": 0.20060461587699716,
    "s50_std": 0.08091734908502304,
    "ks_p": 7.446204721663453e-07,
    "cohens_d": -0.14875991562342855,
    "diff_pct": 12.950467867492755
  },
  "p_seasonality": {
    "all_mean": -0.04127946765143021,
    "all_std": 0.5270366120903908,
    "s50_mean": 0.10801185947862577,
    "s50_std": 0.06675268002219026,
    "ks_p": 1.8830330789015395e-05,
    "cohens_d": -0.39742298552186267,
    "diff_pct": 361.6600107120894
  },
  "soil_depth_pelletier": {
    "all_mean": 10.872827963069417,
    "all_std": 16.227227941663568,
    "s50_mean": 11.208866598101018,
    "s50_std": 15.761971329693822,
    "ks_p": 7.263864745711434e-07,
    "cohens_d": -0.021007284125437738,
    "diff_pct": 3.0906277205248514
  },
  "soil_porosity": {
    "all_mean": 0.4426183213996412,
    "all_std": 0.02356828843810459,
    "s50_mean": 0.43442352132491996,
    "s50_std": 0.020575608050945597,
    "ks_p": 0.018691168572762453,
    "cohens_d": 0.3704264357502392,
    "diff_pct": -1.8514371589517025
  },
  "frac_forest": {
    "all_mean": 0.6395393442622951,
    "all_std": 0.37235636613312806,
    "s50_mean": 0.9195699999999999,
    "s50_std": 0.16768489049404542,
    "ks_p": 1.0562444601969714e-09,
    "cohens_d": -0.9697613793768907,
    "diff_pct": 43.7863062296376
  },
  "lai_diff": {
    "all_mean": 2.448587613941409,
    "all_std": 1.3328168318494504,
    "s50_mean": 4.0631119236138895,
    "s50_std": 0.8054469147595559,
    "ks_p": 1.5659058098853582e-14,
    "cohens_d": -1.46619148109724,
    "diff_pct": 65.93696302635604
  },
  "geol_porostiy": {
    "all_mean": NaN,
    "all_std": NaN,
    "s50_mean": 0.116076,
    "s50_std": 0.08548362781258174,
    "ks_p": NaN,
    "cohens_d": 0,
    "diff_pct": NaN
  }
}