{
  "selection_seed": 42,
  "n_scarcity_basins": 50,
  "basins": [
    "06360500",
    "02312200",
    "08269000",
    "11151300",
    "03463300",
    "06404000",
    "05556500",
    "04045500",
    "10166430",
    "02011400",
    "01638480",
    "03346000",
    "06339100",
    "04221000",
    "04127918",
    "01552000",
    "01542810",
    "14092750",
    "05487980",
    "02299950",
    "02059500",
    "14158500",
    "06354000",
    "05057200",
    "10259200",
    "08202700",
    "03280700",
    "11266500",
    "08025500",
    "01613050",
    "07301500",
    "12082500",
    "08194200",
    "02177000",
    "02178400",
    "02038850",
    "01594950",
    "05393500",
    "01078000",
    "11451100",
    "12390700",
    "07014500",
    "01365000",
    "06876700",
    "12114500",
    "11476600",
    "14308990",
    "02092500",
    "01543000",
    "03281100"
  ],
  "attributes": {
    "elev_mean": {
      "name": "Elevation (m)",
      "all_mean": 759.4218777943368,
      "all_std": 785.4110468749818,
      "s50_mean": 683.2782,
      "s50_std": 567.8308797932356,
      "ks_p": 0.46136895935022953,
      "cohens_d": 0.11110820381059835,
      "diff_pct": -10.026532026636934
    },
    "slope_mean": {
      "name": "Slope (m km$^{-1}$)",
      "all_mean": 46.19530734724293,
      "all_std": 47.08567516434056,
      "s50_mean": 46.5746828,
      "s50_std": 45.78712334529891,
      "ks_p": 0.9870167011611357,
      "cohens_d": -0.008168987707470238,
      "diff_pct": 0.8212424043536732
    },
    "area_gages2": {
      "name": "Drainage area (km$^2$)",
      "all_mean": 792.6180625931445,
      "all_std": 1700.6816807451587,
      "s50_mean": 1087.5342,
      "s50_std": 2422.4054081182117,
      "ks_p": 0.8176524940159755,
      "cohens_d": -0.14091343642152296,
      "diff_pct": 37.20784969774752
    },
    "p_mean": {
      "name": "Mean precipitation (mm d$^{-1}$)",
      "all_mean": 3.257722061222179,
      "all_std": 1.4093900773162575,
      "s50_mean": 3.185462258726899,
      "s50_std": 1.4298884638061875,
      "ks_p": 0.6817257501135211,
      "cohens_d": 0.05089878879422489,
      "diff_pct": -2.2181082712799336
    },
    "pet_mean": {
      "name": "Mean PET (mm d$^{-1}$)",
      "all_mean": 2.7873652197155474,
      "all_std": 0.5545586452738964,
      "s50_mean": 2.7296158069815193,
      "s50_std": 0.4773860183724378,
      "ks_p": 0.8568148165792606,
      "cohens_d": 0.11161180300035153,
      "diff_pct": -2.071827987432572
    },
    "aridity": {
      "name": "Aridity (PET/P)",
      "all_mean": 1.0565155490835536,
      "all_std": 0.6149898629889541,
      "s50_mean": 1.1196022377868937,
      "s50_std": 0.7811245997720538,
      "ks_p": 0.9827535942328881,
      "cohens_d": -0.0897415062931735,
      "diff_pct": 5.971203051205729
    },
    "frac_snow": {
      "name": "Snow fraction",
      "all_mean": 0.17760405925218073,
      "all_std": 0.2031358038480485,
      "s50_mean": 0.1640680579208361,
      "s50_std": 0.16869857978096373,
      "ks_p": 0.9011236491691855,
      "cohens_d": 0.07249636223415558,
      "diff_pct": -7.621448174292467
    },
    "p_seasonality": {
      "name": "Precipitation seasonality",
      "all_mean": -0.041279467651430105,
      "all_std": 0.5270366120903908,
      "s50_mean": 0.00012502154876846915,
      "s50_std": 0.6154187638293894,
      "ks_p": 0.383113718839398,
      "cohens_d": -0.07226740643825758,
      "diff_pct": 100.3028661847681
    },
    "soil_depth_pelletier": {
      "name": "Soil depth (m)",
      "all_mean": 10.872827963069417,
      "all_std": 16.227227941663568,
      "s50_mean": 10.542340739657888,
      "s50_std": 15.939367361138357,
      "ks_p": 0.3441678898716991,
      "cohens_d": 0.020547651218205103,
      "diff_pct": -3.0395700597311017
    },
    "soil_porosity": {
      "name": "Soil porosity",
      "all_mean": 0.4426183213996412,
      "all_std": 0.02356828843810459,
      "s50_mean": 0.4434549160808208,
      "s50_std": 0.029746565345014776,
      "ks_p": 0.9978557674488973,
      "cohens_d": -0.03117455365041645,
      "diff_pct": 0.18901040484139225
    },
    "frac_forest": {
      "name": "Forest fraction",
      "all_mean": 0.6395393442622952,
      "all_std": 0.37235636613312795,
      "s50_mean": 0.6598120000000001,
      "s50_std": 0.39943885721847344,
      "ks_p": 0.14614594999309452,
      "cohens_d": -0.052501455088696546,
      "diff_pct": 3.169884061017271
    },
    "lai_diff": {
      "name": "LAI seasonal difference",
      "all_mean": 2.4485876139414087,
      "all_std": 1.3328168318494504,
      "s50_mean": 2.5877858667675038,
      "s50_std": 1.4581611937678127,
      "ks_p": 0.5341565457446548,
      "cohens_d": -0.09964828462140324,
      "diff_pct": 5.684838558912433
    },
    "geol_porostiy": {
      "name": "Geologic porosity",
      "all_mean": 0.12637290419161679,
      "all_std": 0.06951330915048355,
      "s50_mean": 0.132144,
      "s50_std": 0.06885778143390912,
      "ks_p": 0.693384816376167,
      "cohens_d": -0.08341382615668683,
      "diff_pct": 4.566719302131907
    }
  }
}