{
  "90%": {
    "alpha": 0.1,
    "q_cal": 0.02003258466720581,
    "picp": 0.8764526924247034,
    "mpiw": 1.042987585067749,
    "winkler": 1.716252326965332,
    "coverage_low": 0.8565982769667608,
    "coverage_normal": 0.8996845849271861,
    "coverage_high": 0.8723714172451623
  },
  "95%": {
    "alpha": 0.05,
    "q_cal": 0.12843522429466248,
    "picp": 0.942678734408275,
    "mpiw": 1.2597928047180176,
    "winkler": 2.2464892864227295,
    "coverage_low": 0.9669913295197357,
    "coverage_normal": 0.9595329172538756,
    "coverage_high": 0.9010011892579584
  },
  "99%": {
    "alpha": 0.01,
    "q_cal": 0.8341310024261475,
    "picp": 0.9888956495284454,
    "mpiw": 2.6711843013763428,
    "winkler": 4.289186000823975,
    "coverage_low": 0.9996681155879655,
    "coverage_normal": 0.9994810191709729,
    "coverage_high": 0.9672170441869256
  },
  "note": "CQR calibration at different confidence levels using pre-trained Q0.05/Q0.5/Q0.95 model"
}