{
  "90%": {
    "alpha": 0.1,
    "q_cal": 0.026521747931838036,
    "picp": 0.8482410244209846,
    "mpiw": 0.7125661373138428,
    "winkler": 1.362058162689209,
    "coverage_low": 0.8987493808816246,
    "coverage_normal": 0.7945394624391078,
    "coverage_high": 0.8530615221207769
  },
  "95%": {
    "alpha": 0.05,
    "q_cal": 0.10973916202783585,
    "picp": 0.9158264215911506,
    "mpiw": 0.8790009617805481,
    "winkler": 1.800402283668518,
    "coverage_low": 0.9602966264927632,
    "coverage_normal": 0.8977891846850696,
    "coverage_high": 0.8899395730489195
  },
  "99%": {
    "alpha": 0.01,
    "q_cal": 0.43242147564888,
    "picp": 0.9794250435407976,
    "mpiw": 1.5243655443191528,
    "winkler": 3.425541400909424,
    "coverage_low": 0.9958037532331737,
    "coverage_normal": 0.9879858024955132,
    "coverage_high": 0.9542257590516601
  },
  "note": "CQR calibration at different confidence levels using pre-trained Q0.05/Q0.5/Q0.95 model"
}