{
  "dry": {
    "group": "dry",
    "n_basins": 335,
    "nse": 0.7863216996192932,
    "picp": 0.8972916611744771,
    "mpiw": 0.6249660849571228,
    "winkler": 1.0350761413574219,
    "coverage_low": 0.9402481419654122,
    "coverage_normal": 0.8957938005462874,
    "coverage_high": 0.8558617895813067,
    "time_s": 188.93048000335693
  },
  "very_humid": {
    "group": "very_humid",
    "n_basins": 168,
    "nse": 0.8427832126617432,
    "picp": 0.890459530328712,
    "mpiw": 1.1951487064361572,
    "winkler": 1.8556196689605713,
    "coverage_low": 0.8787998507495446,
    "coverage_normal": 0.9161824002215818,
    "coverage_high": 0.8756194061383629,
    "time_s": 81.76928663253784
  },
  "transitional": {
    "group": "transitional",
    "n_basins": 335,
    "nse": 0.7263699769973755,
    "picp": 0.8669190935920437,
    "mpiw": 0.9009127020835876,
    "winkler": 1.5494600534439087,
    "coverage_low": 0.8604750536199681,
    "coverage_normal": 0.8790360775226571,
    "coverage_high": 0.8608791542034819,
    "time_s": 228.15319156646729
  },
  "very_dry": {
    "group": "very_dry",
    "n_basins": 168,
    "nse": 0.837493360042572,
    "picp": 0.9298646392800116,
    "mpiw": 0.4258696734905243,
    "winkler": 0.6573253273963928,
    "coverage_low": 0.9779226633536002,
    "coverage_normal": 0.9454783188792528,
    "coverage_high": 0.8656998773640419,
    "time_s": 78.61793065071106
  }
}