{
  "humid": {
    "nse": 0.8658368587493896,
    "picp": 0.8096717869177359,
    "mpiw": 0.8394840359687805,
    "winkler": 1.6484745740890503,
    "n_basins": 336
  },
  "dry": {
    "nse": 0.812479555606842,
    "picp": 0.8118144042936347,
    "mpiw": 0.4791623651981354,
    "winkler": 1.1488107442855835,
    "n_basins": 335
  },
  "very_humid": {
    "nse": 0.8749294877052307,
    "picp": 0.8428115085401364,
    "mpiw": 0.9595418572425842,
    "winkler": 1.7186660766601562,
    "n_basins": 168
  },
  "transitional": {
    "nse": 0.7941150665283203,
    "picp": 0.7735180986830374,
    "mpiw": 0.6653876304626465,
    "winkler": 1.5283349752426147,
    "n_basins": 335
  },
  "very_dry": {
    "nse": 0.8198083639144897,
    "picp": 0.8528505588619538,
    "mpiw": 0.3472091555595398,
    "winkler": 0.8204197883605957,
    "n_basins": 168
  },
  "experiment": "cross_region_validation",
  "n_basins": 671,
  "aridity_median": 0.855149970177677,
  "timestamp": "2026-07-06T07:36:41"
}