{
  "model": "1yr_scarcity_diagnosis",
  "n_basins": 50,
  "seq_len": 30,
  "nse": 0.7194117307662964,
  "picp": 0.6561399017081411,
  "mpiw": 0.5945755839347839,
  "width_ratio_overall": 0.35025445551999157,
  "width_ratio_by_regime": {
    "low": {
      "picp": 0.9120314185544768,
      "mpiw": 0.3849448561668396,
      "width_ratio": 1.0162081718444824,
      "n": 59328
    },
    "normal": {
      "picp": 0.5548294105121779,
      "mpiw": 0.46560993790626526,
      "width_ratio": 0.42563891410827637,
      "n": 61053
    },
    "high": {
      "picp": 0.5044022399136419,
      "mpiw": 0.937152624130249,
      "width_ratio": 0.4041140377521515,
      "n": 59288
    }
  },
  "calibration_curve_by_width_quartile": [
    0.6104060913705583,
    0.8650874927645933,
    0.542600797025625,
    0.606460661650118
  ],
  "coverage_by_regime_across_years": {
    "1": {
      "low": 0.9120314185544768,
      "normal": 0.5548294105121779,
      "high": 0.5044022399136419
    },
    "3": {
      "low": 0.881419538358723,
      "normal": 0.6218047992539675,
      "high": 0.7227070866411756
    },
    "5": {
      "low": 0.8942446296100974,
      "normal": 0.6642368164979429,
      "high": 0.7674475868861685
    },
    "15": {
      "low": 0.9334867493133397,
      "normal": 0.7420941672522839,
      "high": 0.8114639986635235
    }
  },
  "cqr_global_q_cal": 0.38669121265411377,
  "cqr_perregime_q_cal": {
    "low": -0.03394794836640358,
    "normal": 0.2568267583847046,
    "high": 0.8436087369918823
  },
  "cqr_predregime_q_cal": {
    "low": -0.024663927033543587,
    "normal": 0.4447985291481018,
    "high": 0.5636035799980164
  },
  "cqr_predregime_thresholds": {
    "q50_33": -0.7373930585384368,
    "q50_67": -0.05426016241312024
  },
  "cqr_predregime_counts": {
    "low": {
      "cal": 29651,
      "test": 57821
    },
    "normal": {
      "cal": 30548,
      "test": 62387
    },
    "high": {
      "cal": 29651,
      "test": 59461
    }
  },
  "coverage_by_regime_cqr_global": {
    "low": 0.9956344390507011,
    "normal": 0.9375296873208524,
    "high": 0.7357475374443395
  },
  "coverage_by_regime_cqr_perregime": {
    "low": 0.8854166666666666,
    "normal": 0.8757800599479141,
    "high": 0.8877175819727432
  },
  "coverage_by_regime_cqr_predregime": {
    "low": 0.9911340345199569,
    "normal": 0.9254745876533503,
    "high": 0.7914080420995817
  },
  "coverage_by_predicted_regime_cqr_predregime": {
    "low": 0.9308036872416596,
    "normal": 0.8946094538926379,
    "high": 0.8845125376297068
  },
  "cqr_predregime_overall": {
    "picp": 0.9029159176040386,
    "mpiw": 1.260644793510437
  }
}