{
  "experiment": "enhanced_robustness_full_671",
  "n_basins": 671,
  "full_cqr": {
    "picp": 0.8482410244209846,
    "mpiw": 0.7125661373138428,
    "winkler": 1.362058162689209,
    "coverage_low": 0.8987493808816246,
    "coverage_normal": 0.7945394624391078,
    "coverage_high": 0.8530615221207769,
    "q_cal": 0.026521747931838036,
    "n_cal": 981002
  },
  "calibration_window_sensitivity": {
    "1": {
      "picp": 0.8526772823277936,
      "mpiw": 0.7200780510902405,
      "winkler": 1.3583388328552246,
      "coverage_low": 0.9032524351989434,
      "coverage_normal": 0.8012336018289035,
      "coverage_high": 0.8551046464913294,
      "q_cal": 0.03027774766087532,
      "n_cal": 245586
    },
    "2": {
      "picp": 0.852359012264067,
      "mpiw": 0.7195227146148682,
      "winkler": 1.358602523803711,
      "coverage_low": 0.9029194870948214,
      "coverage_normal": 0.800772904025297,
      "coverage_high": 0.8549478005800547,
      "q_cal": 0.030000025406479836,
      "n_cal": 490501
    },
    "3": {
      "picp": 0.8478373980491544,
      "mpiw": 0.7118693590164185,
      "winkler": 1.3624202013015747,
      "coverage_low": 0.8982926091024159,
      "coverage_normal": 0.7939772775831125,
      "coverage_high": 0.8528744077003088,
      "q_cal": 0.026173371821641922,
      "n_cal": 735416
    },
    "4": {
      "picp": 0.8482360301689147,
      "mpiw": 0.7125566005706787,
      "winkler": 1.3620630502700806,
      "coverage_low": 0.8987425017885642,
      "coverage_normal": 0.7945327856593454,
      "coverage_high": 0.8530601462794499,
      "q_cal": 0.026516977697610855,
      "n_cal": 980331
    },
    "5": {
      "picp": 0.8482410244209846,
      "mpiw": 0.7125661373138428,
      "winkler": 1.362058162689209,
      "coverage_low": 0.8987493808816246,
      "coverage_normal": 0.7945394624391078,
      "coverage_high": 0.8530615221207769,
      "q_cal": 0.026521747931838036,
      "n_cal": 981002
    }
  },
  "cluster_bootstrap_95ci": {
    "picp": {
      "mean": 0.8480094332422282,
      "ci95_low": 0.8421466008067032,
      "ci95_high": 0.8537511985872066
    },
    "mpiw": {
      "mean": 0.7130886523340136,
      "ci95_low": 0.6928621478310103,
      "ci95_high": 0.7336087036285746
    },
    "winkler": {
      "mean": 1.36360550037155,
      "ci95_low": 1.3212917854062984,
      "ci95_high": 1.4030030068843136
    }
  },
  "predicted_regime_cqr": {
    "thresholds": {
      "q50_33": -0.6380375468730926,
      "q50_67": 0.11570395767688774
    },
    "q_cal": {
      "low": -0.007608550600707531,
      "normal": 0.05886048078536987,
      "high": 0.02884271740913391
    },
    "counts": {
      "low": {
        "cal": 323731,
        "test": 700310
      },
      "normal": {
        "cal": 333540,
        "test": 756076
      },
      "high": {
        "cal": 323731,
        "test": 746146
      }
    },
    "overall": {
      "picp": 0.8501020643513919,
      "mpiw": 0.7146369814872742,
      "winkler": 1.3364940881729126,
      "coverage_low": 0.8706372791811128,
      "coverage_normal": 0.8232549568412956,
      "coverage_high": 0.8572275696588464
    },
    "coverage_by_observed_regime": {
      "low": 0.8706372791811128,
      "normal": 0.8232549568412956,
      "high": 0.8572275696588464
    },
    "coverage_by_predicted_regime": {
      "low": 0.8866059316588368,
      "normal": 0.8313304482618149,
      "high": 0.8348620779311288
    }
  },
  "runtime_s": 433.4364974498749
}