{
  "model": "lpu_stream_quantile",
  "config": {
    "n_dynamic": 15,
    "n_static": 13,
    "hidden_size": 128,
    "embed_dim": 32,
    "dropout": 0.3,
    "quantiles": [
      0.05,
      0.5,
      0.95
    ],
    "seq_len": 365,
    "batch_size": 1024,
    "learning_rate": 0.001,
    "epochs": 30,
    "seed": 42,
    "alpha": 0.1
  },
  "n_params": 104099,
  "best_epoch": 30,
  "q_cal": 0.026521747931838036,
  "test_nse": 0.8761102557182312,
  "test_uncalibrated": {
    "picp": 0.8107419097656697,
    "target_coverage": 0.9,
    "mpiw": 0.6595226526260376,
    "winkler_score": 1.3989193439483643,
    "coverage_low_flow": 0.8556050850255902,
    "coverage_normal_flow": 0.7413736005469618,
    "coverage_high_flow": 0.837349414166763
  },
  "test_calibrated": {
    "picp": 0.8482410244209846,
    "target_coverage": 0.9,
    "mpiw": 0.7125661373138428,
    "winkler_score": 1.362058162689209,
    "coverage_low_flow": 0.8987493808816246,
    "coverage_normal_flow": 0.7945394624391078,
    "coverage_high_flow": 0.8530615221207769
  },
  "timestamp": "2026-07-05T12:45:53.311777"
}