{
  "model": "lpu_stream",
  "config": {
    "seq_len": 365,
    "n_dynamic": 15,
    "n_static": 13,
    "seed": 42,
    "hidden_size": 128,
    "embed_dim": 32,
    "dropout": 0.3,
    "batch_size": 1024,
    "learning_rate": 0.001,
    "epochs": 30
  },
  "best_epoch": 17,
  "best_val_loss": 0.08677565700805319,
  "test_loss": 0.12533443603485914,
  "test_nse": 0.8778486847877502,
  "n_params": 103969,
  "timestamp": "2026-07-04T15:47:08.276811"
}