{
  "model": "lpu_stream_physics",
  "config": {
    "n_dynamic": 5,
    "n_static": 13,
    "hidden_size": 128,
    "embed_dim": 32,
    "dropout": 0.3,
    "seq_len": 365,
    "batch_size": 1024,
    "learning_rate": 0.001,
    "epochs": 30,
    "seed": 42,
    "prcp_std": 7.58,
    "delta_raw": 2.0,
    "lambda_nonneg": 0.05,
    "lambda_mono": 0.1,
    "lambda_wb": 0.1,
    "extreme_alpha": 2.0
  },
  "flags": [],
  "q95": 2.1186740398406982,
  "best_epoch": 6,
  "best_val_loss": 0.1659478122742149,
  "test_loss": 0.18021231885129624,
  "test_nse": 0.8243645429611206,
  "n_params": 98849,
  "timestamp": "2026-06-05T17:25:13.993773"
}