{
  "model": "LSTM",
  "best_epoch": 3,
  "val_nse": 0.8250970840454102,
  "test_nse": 0.8037827014923096,
  "n_params": 78273
}