{
  "lpu_stream_best": {
    "display": "LPU-Stream (MSE point, Part C)",
    "nse_median": 0.631826639175415,
    "nse_mean": 0.5396274328231812,
    "ci_median": [
      0.6135082244873047,
      0.6476704478263855
    ],
    "ci_mean": [
      0.48402220010757446,
      0.5816253423690796
    ]
  },
  "lstm_best": {
    "display": "LSTM",
    "nse_median": 0.5303946733474731,
    "nse_mean": 0.17635108530521393,
    "ci_median": [
      0.5179096460342407,
      0.549613356590271
    ],
    "ci_mean": [
      -0.14908631145954132,
      0.41562581062316895
    ]
  },
  "ea_lstm_best": {
    "display": "EA-LSTM",
    "nse_median": 0.5940988063812256,
    "nse_mean": 0.482439786195755,
    "ci_median": [
      0.5810268521308899,
      0.6167133450508118
    ],
    "ci_mean": [
      0.39035847783088684,
      0.547389030456543
    ]
  },
  "transformer_best": {
    "display": "Transformer",
    "nse_median": 0.4828178286552429,
    "nse_mean": 0.17645594477653503,
    "ci_median": [
      0.4588378071784973,
      0.5087562203407288
    ],
    "ci_mean": [
      -0.058061983436346054,
      0.33879655599594116
    ]
  }
}