{
  "ckpt": "lpu_stream_quantile_best",
  "n_basins": 671,
  "q_cal_norm": 0.0005884647252969444,
  "picp": 0.8893019488479622,
  "mpiw": 2.3108205776073207,
  "nse_median": 0.45705902576446533,
  "nse_mean": 0.4522786024963447,
  "nse_median_ci": [
    0.4249122142791748,
    0.4929603934288025
  ],
  "nse_mean_ci": [
    0.41838690456219474,
    0.47942491405145243
  ],
  "picp_ci": [
    0.8839303539002736,
    0.8947368964780734
  ],
  "mpiw_ci": [
    2.158460660037824,
    2.4712772138066357
  ]
}