{
  "experiment": "1yr_init_stability",
  "n_basins": 50,
  "basins": "fixed (seed-42 selection)",
  "init_seeds": [
    42,
    123,
    456
  ],
  "runs": [
    {
      "seed": 42,
      "nse": 0.7194117307662964,
      "picp_cal": 0.8901312969961429
    },
    {
      "seed": 123,
      "nse": 0.7216997146606445,
      "picp_cal": 0.8922574289387707
    },
    {
      "seed": 456,
      "nse": 0.7235317230224609,
      "picp_cal": 0.8887676783418397
    }
  ],
  "nse_mean": 0.7215477228164673,
  "nse_std": 0.0016854099774706185,
  "picp_mean": 0.890385468092251,
  "picp_std": 0.0014359763268168748
}