{
  "model": "XGBoost",
  "train_nse": 0.8960694670677185,
  "val_nse": 0.8813884258270264,
  "test_nse": 0.8615823984146118,
  "n_features": 66,
  "timestamp": "2026-06-04T23:07:21.924941"
}