{
  "model": "XGBoost",
  "train_nse": 0.9079865217208862,
  "val_nse": 0.8849284648895264,
  "test_nse": 0.866100549697876,
  "test_nse_perbasin_median": 0.6627721190452576,
  "test_nse_perbasin_ci": [
    0.6487991809844971,
    0.6794484853744507
  ],
  "n_features": 66,
  "timestamp": "2026-07-06T18:53:45.904567"
}